<?xml version="1.0" encoding="UTF-8"?>
<root>
  <item name="android.net.EthernetManager android.net.EthernetManager.TetheredInterfaceRequest requestTetheredInterface(java.util.concurrent.Executor, android.net.EthernetManager.TetheredInterfaceCallback)">
    <annotation name="androidx.annotation.RequiresPermission">
      <val name="anyOf" val="{&quot;android.permission.NETWORK_STACK&quot;, &quot;android.permission.MAINLINE_NETWORK_STACK&quot;}" />
    </annotation>
  </item>
  <item name="android.net.EthernetManager java.util.List&lt;java.lang.String&gt; getInterfaceList()">
    <annotation name="androidx.annotation.RequiresPermission">
      <val name="value" val="&quot;android.permission.ACCESS_NETWORK_STATE&quot;" />
    </annotation>
  </item>
  <item name="android.net.EthernetManager void addEthernetStateListener(java.util.concurrent.Executor, java.util.function.IntConsumer)">
    <annotation name="androidx.annotation.RequiresPermission">
      <val name="value" val="&quot;android.permission.ACCESS_NETWORK_STATE&quot;" />
    </annotation>
  </item>
  <item name="android.net.EthernetManager void addInterfaceStateListener(java.util.concurrent.Executor, android.net.EthernetManager.InterfaceStateListener)">
    <annotation name="androidx.annotation.RequiresPermission">
      <val name="value" val="&quot;android.permission.ACCESS_NETWORK_STATE&quot;" />
    </annotation>
  </item>
  <item name="android.net.EthernetManager void disableInterface(java.lang.String, java.util.concurrent.Executor, android.os.OutcomeReceiver&lt;java.lang.String,android.net.EthernetNetworkManagementException&gt;)">
    <annotation name="androidx.annotation.RequiresPermission">
      <val name="anyOf" val="{&quot;android.permission.MAINLINE_NETWORK_STACK&quot;, &quot;android.permission.NETWORK_STACK&quot;, &quot;android.permission.MANAGE_ETHERNET_NETWORKS&quot;}" />
    </annotation>
  </item>
  <item name="android.net.EthernetManager void enableInterface(java.lang.String, java.util.concurrent.Executor, android.os.OutcomeReceiver&lt;java.lang.String,android.net.EthernetNetworkManagementException&gt;)">
    <annotation name="androidx.annotation.RequiresPermission">
      <val name="anyOf" val="{&quot;android.permission.MAINLINE_NETWORK_STACK&quot;, &quot;android.permission.NETWORK_STACK&quot;, &quot;android.permission.MANAGE_ETHERNET_NETWORKS&quot;}" />
    </annotation>
  </item>
  <item name="android.net.EthernetManager void removeEthernetStateListener(java.util.function.IntConsumer)">
    <annotation name="androidx.annotation.RequiresPermission">
      <val name="value" val="&quot;android.permission.ACCESS_NETWORK_STATE&quot;" />
    </annotation>
  </item>
  <item name="android.net.EthernetManager void setEthernetEnabled(boolean)">
    <annotation name="androidx.annotation.RequiresPermission">
      <val name="anyOf" val="{&quot;android.permission.MAINLINE_NETWORK_STACK&quot;, &quot;android.permission.NETWORK_STACK&quot;, &quot;android.permission.NETWORK_SETTINGS&quot;}" />
    </annotation>
  </item>
  <item name="android.net.EthernetManager void updateConfiguration(java.lang.String, android.net.EthernetNetworkUpdateRequest, java.util.concurrent.Executor, android.os.OutcomeReceiver&lt;java.lang.String,android.net.EthernetNetworkManagementException&gt;)">
    <annotation name="androidx.annotation.RequiresPermission">
      <val name="anyOf" val="{&quot;android.permission.MAINLINE_NETWORK_STACK&quot;, &quot;android.permission.NETWORK_STACK&quot;, &quot;android.permission.MANAGE_ETHERNET_NETWORKS&quot;}" />
    </annotation>
  </item>
  <item name="android.net.EthernetManager.InterfaceStateListener void onInterfaceStateChanged(java.lang.String, int, int, android.net.IpConfiguration) 1">
    <annotation name="androidx.annotation.IntDef">
      <val name="value" val="{android.net.EthernetManager.STATE_ABSENT, android.net.EthernetManager.STATE_LINK_DOWN, android.net.EthernetManager.STATE_LINK_UP}" />
    </annotation>
  </item>
  <item name="android.net.EthernetManager.InterfaceStateListener void onInterfaceStateChanged(java.lang.String, int, int, android.net.IpConfiguration) 2">
    <annotation name="androidx.annotation.IntDef">
      <val name="value" val="{android.net.EthernetManager.ROLE_NONE, android.net.EthernetManager.ROLE_CLIENT, android.net.EthernetManager.ROLE_SERVER}" />
    </annotation>
  </item>
  <item name="android.net.IpSecAlgorithm IpSecAlgorithm(java.lang.String, byte[]) 0">
    <annotation name="androidx.annotation.StringDef">
      <val name="value" val="{android.net.IpSecAlgorithm.CRYPT_AES_CBC, android.net.IpSecAlgorithm.CRYPT_AES_CTR, android.net.IpSecAlgorithm.AUTH_HMAC_MD5, android.net.IpSecAlgorithm.AUTH_HMAC_SHA1, android.net.IpSecAlgorithm.AUTH_HMAC_SHA256, android.net.IpSecAlgorithm.AUTH_HMAC_SHA384, android.net.IpSecAlgorithm.AUTH_HMAC_SHA512, android.net.IpSecAlgorithm.AUTH_AES_XCBC, android.net.IpSecAlgorithm.AUTH_AES_CMAC, android.net.IpSecAlgorithm.AUTH_CRYPT_AES_GCM, android.net.IpSecAlgorithm.AUTH_CRYPT_CHACHA20_POLY1305}" />
    </annotation>
  </item>
  <item name="android.net.IpSecAlgorithm IpSecAlgorithm(java.lang.String, byte[], int) 0">
    <annotation name="androidx.annotation.StringDef">
      <val name="value" val="{android.net.IpSecAlgorithm.CRYPT_AES_CBC, android.net.IpSecAlgorithm.CRYPT_AES_CTR, android.net.IpSecAlgorithm.AUTH_HMAC_MD5, android.net.IpSecAlgorithm.AUTH_HMAC_SHA1, android.net.IpSecAlgorithm.AUTH_HMAC_SHA256, android.net.IpSecAlgorithm.AUTH_HMAC_SHA384, android.net.IpSecAlgorithm.AUTH_HMAC_SHA512, android.net.IpSecAlgorithm.AUTH_AES_XCBC, android.net.IpSecAlgorithm.AUTH_AES_CMAC, android.net.IpSecAlgorithm.AUTH_CRYPT_AES_GCM, android.net.IpSecAlgorithm.AUTH_CRYPT_CHACHA20_POLY1305}" />
    </annotation>
  </item>
  <item name="android.net.IpSecManager android.net.IpSecManager.IpSecTunnelInterface createIpSecTunnelInterface(java.net.InetAddress, java.net.InetAddress, android.net.Network)">
    <annotation name="androidx.annotation.RequiresPermission">
      <val name="value" val="&quot;android.permission.MANAGE_IPSEC_TUNNELS&quot;" />
    </annotation>
  </item>
  <item name="android.net.IpSecManager void applyTransportModeTransform(java.io.FileDescriptor, int, android.net.IpSecTransform) 1">
    <annotation name="androidx.annotation.IntDef">
      <val name="value" val="{android.net.IpSecManager.DIRECTION_IN, android.net.IpSecManager.DIRECTION_OUT}" />
    </annotation>
  </item>
  <item name="android.net.IpSecManager void applyTransportModeTransform(java.net.DatagramSocket, int, android.net.IpSecTransform) 1">
    <annotation name="androidx.annotation.IntDef">
      <val name="value" val="{android.net.IpSecManager.DIRECTION_IN, android.net.IpSecManager.DIRECTION_OUT}" />
    </annotation>
  </item>
  <item name="android.net.IpSecManager void applyTransportModeTransform(java.net.Socket, int, android.net.IpSecTransform) 1">
    <annotation name="androidx.annotation.IntDef">
      <val name="value" val="{android.net.IpSecManager.DIRECTION_IN, android.net.IpSecManager.DIRECTION_OUT}" />
    </annotation>
  </item>
  <item name="android.net.IpSecManager void applyTunnelModeTransform(android.net.IpSecManager.IpSecTunnelInterface, int, android.net.IpSecTransform)">
    <annotation name="androidx.annotation.RequiresPermission">
      <val name="value" val="&quot;android.permission.MANAGE_IPSEC_TUNNELS&quot;" />
    </annotation>
  </item>
  <item name="android.net.IpSecManager void applyTunnelModeTransform(android.net.IpSecManager.IpSecTunnelInterface, int, android.net.IpSecTransform) 1">
    <annotation name="androidx.annotation.IntDef">
      <val name="value" val="{android.net.IpSecManager.DIRECTION_IN, android.net.IpSecManager.DIRECTION_OUT}" />
    </annotation>
  </item>
  <item name="android.net.IpSecManager.IpSecTunnelInterface void addAddress(java.net.InetAddress, int)">
    <annotation name="androidx.annotation.RequiresPermission">
      <val name="value" val="&quot;android.permission.MANAGE_IPSEC_TUNNELS&quot;" />
    </annotation>
  </item>
  <item name="android.net.IpSecManager.IpSecTunnelInterface void removeAddress(java.net.InetAddress, int)">
    <annotation name="androidx.annotation.RequiresPermission">
      <val name="value" val="&quot;android.permission.MANAGE_IPSEC_TUNNELS&quot;" />
    </annotation>
  </item>
  <item name="android.net.IpSecManager.IpSecTunnelInterface void setUnderlyingNetwork(android.net.Network)">
    <annotation name="androidx.annotation.RequiresPermission">
      <val name="value" val="&quot;android.permission.MANAGE_IPSEC_TUNNELS&quot;" />
    </annotation>
  </item>
  <item name="android.net.IpSecTransform.Builder android.net.IpSecTransform buildTunnelModeTransform(java.net.InetAddress, android.net.IpSecManager.SecurityParameterIndex)">
    <annotation name="androidx.annotation.RequiresPermission">
      <val name="value" val="&quot;android.permission.MANAGE_IPSEC_TUNNELS&quot;" />
    </annotation>
  </item>
  <item name="android.net.NetworkIdentity.Builder android.net.NetworkIdentity.Builder setOemManaged(int) 0">
    <annotation name="androidx.annotation.IntDef">
      <val name="value" val="{android.net.NetworkTemplate.OEM_MANAGED_NO, android.net.NetworkTemplate.OEM_MANAGED_PAID, android.net.NetworkTemplate.OEM_MANAGED_PRIVATE}" />
      <val name="flag" val="true" />
    </annotation>
  </item>
  <item name="android.net.NetworkStats.Entry Entry(java.lang.String, int, int, int, int, int, int, long, long, long, long, long) 2">
    <annotation name="androidx.annotation.IntDef">
      <val name="value" val="{android.net.NetworkStats.SET_ALL, android.net.NetworkStats.SET_DEFAULT, android.net.NetworkStats.SET_FOREGROUND}" />
    </annotation>
  </item>
  <item name="android.net.NetworkStats.Entry Entry(java.lang.String, int, int, int, int, int, int, long, long, long, long, long) 4">
    <annotation name="androidx.annotation.IntDef">
      <val name="value" val="{android.net.NetworkStats.METERED_ALL, android.net.NetworkStats.METERED_NO, android.net.NetworkStats.METERED_YES}" />
    </annotation>
  </item>
  <item name="android.net.NetworkStats.Entry Entry(java.lang.String, int, int, int, int, int, int, long, long, long, long, long) 5">
    <annotation name="androidx.annotation.IntDef">
      <val name="value" val="{android.net.NetworkStats.ROAMING_ALL, android.net.NetworkStats.ROAMING_NO, android.net.NetworkStats.ROAMING_YES}" />
    </annotation>
  </item>
  <item name="android.net.NetworkStats.Entry Entry(java.lang.String, int, int, int, int, int, int, long, long, long, long, long) 6">
    <annotation name="androidx.annotation.IntDef">
      <val name="value" val="{android.net.NetworkStats.DEFAULT_NETWORK_ALL, android.net.NetworkStats.DEFAULT_NETWORK_NO, android.net.NetworkStats.DEFAULT_NETWORK_YES}" />
    </annotation>
  </item>
  <item name="android.net.NetworkStats.Entry int getDefaultNetwork()">
    <annotation name="androidx.annotation.IntDef">
      <val name="value" val="{android.net.NetworkStats.DEFAULT_NETWORK_ALL, android.net.NetworkStats.DEFAULT_NETWORK_NO, android.net.NetworkStats.DEFAULT_NETWORK_YES}" />
    </annotation>
  </item>
  <item name="android.net.NetworkStats.Entry int getMetered()">
    <annotation name="androidx.annotation.IntDef">
      <val name="value" val="{android.net.NetworkStats.METERED_ALL, android.net.NetworkStats.METERED_NO, android.net.NetworkStats.METERED_YES}" />
    </annotation>
  </item>
  <item name="android.net.NetworkStats.Entry int getRoaming()">
    <annotation name="androidx.annotation.IntDef">
      <val name="value" val="{android.net.NetworkStats.ROAMING_ALL, android.net.NetworkStats.ROAMING_NO, android.net.NetworkStats.ROAMING_YES}" />
    </annotation>
  </item>
  <item name="android.net.NetworkStats.Entry int getSet()">
    <annotation name="androidx.annotation.IntDef">
      <val name="value" val="{android.net.NetworkStats.SET_ALL, android.net.NetworkStats.SET_DEFAULT, android.net.NetworkStats.SET_FOREGROUND}" />
    </annotation>
  </item>
  <item name="android.net.NetworkStatsCollection.Key Key(java.util.Set&lt;android.net.NetworkIdentity&gt;, int, int, int) 2">
    <annotation name="androidx.annotation.IntDef">
      <val name="value" val="{android.net.NetworkStats.SET_ALL, android.net.NetworkStats.SET_DEFAULT, android.net.NetworkStats.SET_FOREGROUND}" />
    </annotation>
  </item>
  <item name="android.net.NetworkTemplate int getDefaultNetworkStatus()">
    <annotation name="androidx.annotation.IntDef">
      <val name="value" val="{android.net.NetworkStats.DEFAULT_NETWORK_ALL, android.net.NetworkStats.DEFAULT_NETWORK_NO, android.net.NetworkStats.DEFAULT_NETWORK_YES}" />
    </annotation>
  </item>
  <item name="android.net.NetworkTemplate int getMeteredness()">
    <annotation name="androidx.annotation.IntDef">
      <val name="value" val="{android.net.NetworkStats.METERED_ALL, android.net.NetworkStats.METERED_NO, android.net.NetworkStats.METERED_YES}" />
    </annotation>
  </item>
  <item name="android.net.NetworkTemplate int getOemManaged()">
    <annotation name="androidx.annotation.IntDef">
      <val name="value" val="{android.net.NetworkTemplate.OEM_MANAGED_ALL, android.net.NetworkTemplate.OEM_MANAGED_NO, android.net.NetworkTemplate.OEM_MANAGED_YES, android.net.NetworkTemplate.OEM_MANAGED_PAID, android.net.NetworkTemplate.OEM_MANAGED_PRIVATE}" />
    </annotation>
  </item>
  <item name="android.net.NetworkTemplate int getRoaming()">
    <annotation name="androidx.annotation.IntDef">
      <val name="value" val="{android.net.NetworkStats.ROAMING_ALL, android.net.NetworkStats.ROAMING_NO, android.net.NetworkStats.ROAMING_YES}" />
    </annotation>
  </item>
  <item name="android.net.NetworkTemplate.Builder Builder(int) 0">
    <annotation name="androidx.annotation.IntDef">
      <val name="value" val="{android.net.NetworkTemplate.MATCH_MOBILE, android.net.NetworkTemplate.MATCH_WIFI, android.net.NetworkTemplate.MATCH_ETHERNET, android.net.NetworkTemplate.MATCH_BLUETOOTH, android.net.NetworkTemplate.MATCH_PROXY, android.net.NetworkTemplate.MATCH_CARRIER}" />
    </annotation>
  </item>
  <item name="android.net.NetworkTemplate.Builder android.net.NetworkTemplate.Builder setDefaultNetworkStatus(int) 0">
    <annotation name="androidx.annotation.IntDef">
      <val name="value" val="{android.net.NetworkStats.DEFAULT_NETWORK_ALL, android.net.NetworkStats.DEFAULT_NETWORK_NO, android.net.NetworkStats.DEFAULT_NETWORK_YES}" />
    </annotation>
  </item>
  <item name="android.net.NetworkTemplate.Builder android.net.NetworkTemplate.Builder setMeteredness(int) 0">
    <annotation name="androidx.annotation.IntDef">
      <val name="value" val="{android.net.NetworkStats.METERED_ALL, android.net.NetworkStats.METERED_NO, android.net.NetworkStats.METERED_YES}" />
    </annotation>
  </item>
  <item name="android.net.NetworkTemplate.Builder android.net.NetworkTemplate.Builder setOemManaged(int) 0">
    <annotation name="androidx.annotation.IntDef">
      <val name="value" val="{android.net.NetworkTemplate.OEM_MANAGED_ALL, android.net.NetworkTemplate.OEM_MANAGED_NO, android.net.NetworkTemplate.OEM_MANAGED_YES, android.net.NetworkTemplate.OEM_MANAGED_PAID, android.net.NetworkTemplate.OEM_MANAGED_PRIVATE}" />
    </annotation>
  </item>
  <item name="android.net.NetworkTemplate.Builder android.net.NetworkTemplate.Builder setRoaming(int) 0">
    <annotation name="androidx.annotation.IntDef">
      <val name="value" val="{android.net.NetworkStats.ROAMING_ALL, android.net.NetworkStats.ROAMING_NO, android.net.NetworkStats.ROAMING_YES}" />
    </annotation>
  </item>
</root>

