<?xml version="1.0" encoding="UTF-8"?>
<root>
  <item name="android.safetycenter.SafetyCenterEntry int getSeverityLevel()">
    <annotation name="androidx.annotation.IntDef">
      <val name="value" val="{android.safetycenter.SafetyCenterEntry.ENTRY_SEVERITY_LEVEL_UNKNOWN, android.safetycenter.SafetyCenterEntry.ENTRY_SEVERITY_LEVEL_UNSPECIFIED, android.safetycenter.SafetyCenterEntry.ENTRY_SEVERITY_LEVEL_OK, android.safetycenter.SafetyCenterEntry.ENTRY_SEVERITY_LEVEL_RECOMMENDATION, android.safetycenter.SafetyCenterEntry.ENTRY_SEVERITY_LEVEL_CRITICAL_WARNING}" />
    </annotation>
  </item>
  <item name="android.safetycenter.SafetyCenterEntry int getSeverityUnspecifiedIconType()">
    <annotation name="androidx.annotation.IntDef">
      <val name="value" val="{android.safetycenter.SafetyCenterEntry.SEVERITY_UNSPECIFIED_ICON_TYPE_NO_ICON, android.safetycenter.SafetyCenterEntry.SEVERITY_UNSPECIFIED_ICON_TYPE_PRIVACY, android.safetycenter.SafetyCenterEntry.SEVERITY_UNSPECIFIED_ICON_TYPE_NO_RECOMMENDATION}" />
    </annotation>
  </item>
  <item name="android.safetycenter.SafetyCenterEntry.Builder android.safetycenter.SafetyCenterEntry.Builder setIconAction(int, android.app.PendingIntent) 0">
    <annotation name="androidx.annotation.IntDef">
      <val name="value" val="{android.safetycenter.SafetyCenterEntry.IconAction.ICON_ACTION_TYPE_GEAR, android.safetycenter.SafetyCenterEntry.IconAction.ICON_ACTION_TYPE_INFO}" />
    </annotation>
  </item>
  <item name="android.safetycenter.SafetyCenterEntry.Builder android.safetycenter.SafetyCenterEntry.Builder setSeverityLevel(int) 0">
    <annotation name="androidx.annotation.IntDef">
      <val name="value" val="{android.safetycenter.SafetyCenterEntry.ENTRY_SEVERITY_LEVEL_UNKNOWN, android.safetycenter.SafetyCenterEntry.ENTRY_SEVERITY_LEVEL_UNSPECIFIED, android.safetycenter.SafetyCenterEntry.ENTRY_SEVERITY_LEVEL_OK, android.safetycenter.SafetyCenterEntry.ENTRY_SEVERITY_LEVEL_RECOMMENDATION, android.safetycenter.SafetyCenterEntry.ENTRY_SEVERITY_LEVEL_CRITICAL_WARNING}" />
    </annotation>
  </item>
  <item name="android.safetycenter.SafetyCenterEntry.Builder android.safetycenter.SafetyCenterEntry.Builder setSeverityUnspecifiedIconType(int) 0">
    <annotation name="androidx.annotation.IntDef">
      <val name="value" val="{android.safetycenter.SafetyCenterEntry.SEVERITY_UNSPECIFIED_ICON_TYPE_NO_ICON, android.safetycenter.SafetyCenterEntry.SEVERITY_UNSPECIFIED_ICON_TYPE_PRIVACY, android.safetycenter.SafetyCenterEntry.SEVERITY_UNSPECIFIED_ICON_TYPE_NO_RECOMMENDATION}" />
    </annotation>
  </item>
  <item name="android.safetycenter.SafetyCenterEntry.IconAction IconAction(int, android.app.PendingIntent) 0">
    <annotation name="androidx.annotation.IntDef">
      <val name="value" val="{android.safetycenter.SafetyCenterEntry.IconAction.ICON_ACTION_TYPE_GEAR, android.safetycenter.SafetyCenterEntry.IconAction.ICON_ACTION_TYPE_INFO}" />
    </annotation>
  </item>
  <item name="android.safetycenter.SafetyCenterEntry.IconAction int getType()">
    <annotation name="androidx.annotation.IntDef">
      <val name="value" val="{android.safetycenter.SafetyCenterEntry.IconAction.ICON_ACTION_TYPE_GEAR, android.safetycenter.SafetyCenterEntry.IconAction.ICON_ACTION_TYPE_INFO}" />
    </annotation>
  </item>
  <item name="android.safetycenter.SafetyCenterEntryGroup int getSeverityLevel()">
    <annotation name="androidx.annotation.IntDef">
      <val name="value" val="{android.safetycenter.SafetyCenterEntry.ENTRY_SEVERITY_LEVEL_UNKNOWN, android.safetycenter.SafetyCenterEntry.ENTRY_SEVERITY_LEVEL_UNSPECIFIED, android.safetycenter.SafetyCenterEntry.ENTRY_SEVERITY_LEVEL_OK, android.safetycenter.SafetyCenterEntry.ENTRY_SEVERITY_LEVEL_RECOMMENDATION, android.safetycenter.SafetyCenterEntry.ENTRY_SEVERITY_LEVEL_CRITICAL_WARNING}" />
    </annotation>
  </item>
  <item name="android.safetycenter.SafetyCenterEntryGroup int getSeverityUnspecifiedIconType()">
    <annotation name="androidx.annotation.IntDef">
      <val name="value" val="{android.safetycenter.SafetyCenterEntry.SEVERITY_UNSPECIFIED_ICON_TYPE_NO_ICON, android.safetycenter.SafetyCenterEntry.SEVERITY_UNSPECIFIED_ICON_TYPE_PRIVACY, android.safetycenter.SafetyCenterEntry.SEVERITY_UNSPECIFIED_ICON_TYPE_NO_RECOMMENDATION}" />
    </annotation>
  </item>
  <item name="android.safetycenter.SafetyCenterEntryGroup.Builder android.safetycenter.SafetyCenterEntryGroup.Builder setSeverityLevel(int) 0">
    <annotation name="androidx.annotation.IntDef">
      <val name="value" val="{android.safetycenter.SafetyCenterEntry.ENTRY_SEVERITY_LEVEL_UNKNOWN, android.safetycenter.SafetyCenterEntry.ENTRY_SEVERITY_LEVEL_UNSPECIFIED, android.safetycenter.SafetyCenterEntry.ENTRY_SEVERITY_LEVEL_OK, android.safetycenter.SafetyCenterEntry.ENTRY_SEVERITY_LEVEL_RECOMMENDATION, android.safetycenter.SafetyCenterEntry.ENTRY_SEVERITY_LEVEL_CRITICAL_WARNING}" />
    </annotation>
  </item>
  <item name="android.safetycenter.SafetyCenterEntryGroup.Builder android.safetycenter.SafetyCenterEntryGroup.Builder setSeverityUnspecifiedIconType(int) 0">
    <annotation name="androidx.annotation.IntDef">
      <val name="value" val="{android.safetycenter.SafetyCenterEntry.SEVERITY_UNSPECIFIED_ICON_TYPE_NO_ICON, android.safetycenter.SafetyCenterEntry.SEVERITY_UNSPECIFIED_ICON_TYPE_PRIVACY, android.safetycenter.SafetyCenterEntry.SEVERITY_UNSPECIFIED_ICON_TYPE_NO_RECOMMENDATION}" />
    </annotation>
  </item>
  <item name="android.safetycenter.SafetyCenterIssue int getSeverityLevel()">
    <annotation name="androidx.annotation.IntDef">
      <val name="value" val="{android.safetycenter.SafetyCenterIssue.ISSUE_SEVERITY_LEVEL_OK, android.safetycenter.SafetyCenterIssue.ISSUE_SEVERITY_LEVEL_RECOMMENDATION, android.safetycenter.SafetyCenterIssue.ISSUE_SEVERITY_LEVEL_CRITICAL_WARNING}" />
    </annotation>
  </item>
  <item name="android.safetycenter.SafetyCenterIssue.Builder android.safetycenter.SafetyCenterIssue.Builder setSeverityLevel(int) 0">
    <annotation name="androidx.annotation.IntDef">
      <val name="value" val="{android.safetycenter.SafetyCenterIssue.ISSUE_SEVERITY_LEVEL_OK, android.safetycenter.SafetyCenterIssue.ISSUE_SEVERITY_LEVEL_RECOMMENDATION, android.safetycenter.SafetyCenterIssue.ISSUE_SEVERITY_LEVEL_CRITICAL_WARNING}" />
    </annotation>
  </item>
  <item name="android.safetycenter.SafetyCenterManager android.safetycenter.SafetyCenterData getSafetyCenterData()">
    <annotation name="androidx.annotation.RequiresPermission">
      <val name="value" val="&quot;android.permission.MANAGE_SAFETY_CENTER&quot;" />
    </annotation>
  </item>
  <item name="android.safetycenter.SafetyCenterManager android.safetycenter.SafetySourceData getSafetySourceData(java.lang.String)">
    <annotation name="androidx.annotation.RequiresPermission">
      <val name="value" val="&quot;android.permission.SEND_SAFETY_CENTER_UPDATE&quot;" />
    </annotation>
  </item>
  <item name="android.safetycenter.SafetyCenterManager android.safetycenter.config.SafetyCenterConfig getSafetyCenterConfig()">
    <annotation name="androidx.annotation.RequiresPermission">
      <val name="value" val="&quot;android.permission.MANAGE_SAFETY_CENTER&quot;" />
    </annotation>
  </item>
  <item name="android.safetycenter.SafetyCenterManager boolean isSafetyCenterEnabled()">
    <annotation name="androidx.annotation.RequiresPermission">
      <val name="anyOf" val="{&quot;android.permission.READ_SAFETY_CENTER_STATUS&quot;, &quot;android.permission.SEND_SAFETY_CENTER_UPDATE&quot;}" />
    </annotation>
  </item>
  <item name="android.safetycenter.SafetyCenterManager void addOnSafetyCenterDataChangedListener(java.util.concurrent.Executor, android.safetycenter.SafetyCenterManager.OnSafetyCenterDataChangedListener)">
    <annotation name="androidx.annotation.RequiresPermission">
      <val name="value" val="&quot;android.permission.MANAGE_SAFETY_CENTER&quot;" />
    </annotation>
  </item>
  <item name="android.safetycenter.SafetyCenterManager void clearAllSafetySourceDataForTests()">
    <annotation name="androidx.annotation.RequiresPermission">
      <val name="value" val="&quot;android.permission.MANAGE_SAFETY_CENTER&quot;" />
    </annotation>
  </item>
  <item name="android.safetycenter.SafetyCenterManager void clearSafetyCenterConfigForTests()">
    <annotation name="androidx.annotation.RequiresPermission">
      <val name="value" val="&quot;android.permission.MANAGE_SAFETY_CENTER&quot;" />
    </annotation>
  </item>
  <item name="android.safetycenter.SafetyCenterManager void dismissSafetyCenterIssue(java.lang.String)">
    <annotation name="androidx.annotation.RequiresPermission">
      <val name="value" val="&quot;android.permission.MANAGE_SAFETY_CENTER&quot;" />
    </annotation>
  </item>
  <item name="android.safetycenter.SafetyCenterManager void executeSafetyCenterIssueAction(java.lang.String, java.lang.String)">
    <annotation name="androidx.annotation.RequiresPermission">
      <val name="value" val="&quot;android.permission.MANAGE_SAFETY_CENTER&quot;" />
    </annotation>
  </item>
  <item name="android.safetycenter.SafetyCenterManager void refreshSafetySources(int)">
    <annotation name="androidx.annotation.RequiresPermission">
      <val name="value" val="&quot;android.permission.MANAGE_SAFETY_CENTER&quot;" />
    </annotation>
  </item>
  <item name="android.safetycenter.SafetyCenterManager void refreshSafetySources(int) 0">
    <annotation name="androidx.annotation.IntDef">
      <val name="value" val="{android.safetycenter.SafetyCenterManager.REFRESH_REASON_PAGE_OPEN, android.safetycenter.SafetyCenterManager.REFRESH_REASON_RESCAN_BUTTON_CLICK, android.safetycenter.SafetyCenterManager.REFRESH_REASON_DEVICE_REBOOT, android.safetycenter.SafetyCenterManager.REFRESH_REASON_DEVICE_LOCALE_CHANGE, android.safetycenter.SafetyCenterManager.REFRESH_REASON_SAFETY_CENTER_ENABLED, android.safetycenter.SafetyCenterManager.REFRESH_REASON_OTHER}" />
    </annotation>
  </item>
  <item name="android.safetycenter.SafetyCenterManager void removeOnSafetyCenterDataChangedListener(android.safetycenter.SafetyCenterManager.OnSafetyCenterDataChangedListener)">
    <annotation name="androidx.annotation.RequiresPermission">
      <val name="value" val="&quot;android.permission.MANAGE_SAFETY_CENTER&quot;" />
    </annotation>
  </item>
  <item name="android.safetycenter.SafetyCenterManager void reportSafetySourceError(java.lang.String, android.safetycenter.SafetySourceErrorDetails)">
    <annotation name="androidx.annotation.RequiresPermission">
      <val name="value" val="&quot;android.permission.SEND_SAFETY_CENTER_UPDATE&quot;" />
    </annotation>
  </item>
  <item name="android.safetycenter.SafetyCenterManager void setSafetyCenterConfigForTests(android.safetycenter.config.SafetyCenterConfig)">
    <annotation name="androidx.annotation.RequiresPermission">
      <val name="value" val="&quot;android.permission.MANAGE_SAFETY_CENTER&quot;" />
    </annotation>
  </item>
  <item name="android.safetycenter.SafetyCenterManager void setSafetySourceData(java.lang.String, android.safetycenter.SafetySourceData, android.safetycenter.SafetyEvent)">
    <annotation name="androidx.annotation.RequiresPermission">
      <val name="value" val="&quot;android.permission.SEND_SAFETY_CENTER_UPDATE&quot;" />
    </annotation>
  </item>
  <item name="android.safetycenter.SafetyCenterStatus int getRefreshStatus()">
    <annotation name="androidx.annotation.IntDef">
      <val name="value" val="{android.safetycenter.SafetyCenterStatus.REFRESH_STATUS_NONE, android.safetycenter.SafetyCenterStatus.REFRESH_STATUS_DATA_FETCH_IN_PROGRESS, android.safetycenter.SafetyCenterStatus.REFRESH_STATUS_FULL_RESCAN_IN_PROGRESS}" />
    </annotation>
  </item>
  <item name="android.safetycenter.SafetyCenterStatus int getSeverityLevel()">
    <annotation name="androidx.annotation.IntDef">
      <val name="value" val="{android.safetycenter.SafetyCenterStatus.OVERALL_SEVERITY_LEVEL_UNKNOWN, android.safetycenter.SafetyCenterStatus.OVERALL_SEVERITY_LEVEL_OK, android.safetycenter.SafetyCenterStatus.OVERALL_SEVERITY_LEVEL_RECOMMENDATION, android.safetycenter.SafetyCenterStatus.OVERALL_SEVERITY_LEVEL_CRITICAL_WARNING}" />
    </annotation>
  </item>
  <item name="android.safetycenter.SafetyCenterStatus.Builder android.safetycenter.SafetyCenterStatus.Builder setRefreshStatus(int) 0">
    <annotation name="androidx.annotation.IntDef">
      <val name="value" val="{android.safetycenter.SafetyCenterStatus.REFRESH_STATUS_NONE, android.safetycenter.SafetyCenterStatus.REFRESH_STATUS_DATA_FETCH_IN_PROGRESS, android.safetycenter.SafetyCenterStatus.REFRESH_STATUS_FULL_RESCAN_IN_PROGRESS}" />
    </annotation>
  </item>
  <item name="android.safetycenter.SafetyCenterStatus.Builder android.safetycenter.SafetyCenterStatus.Builder setSeverityLevel(int) 0">
    <annotation name="androidx.annotation.IntDef">
      <val name="value" val="{android.safetycenter.SafetyCenterStatus.OVERALL_SEVERITY_LEVEL_UNKNOWN, android.safetycenter.SafetyCenterStatus.OVERALL_SEVERITY_LEVEL_OK, android.safetycenter.SafetyCenterStatus.OVERALL_SEVERITY_LEVEL_RECOMMENDATION, android.safetycenter.SafetyCenterStatus.OVERALL_SEVERITY_LEVEL_CRITICAL_WARNING}" />
    </annotation>
  </item>
  <item name="android.safetycenter.SafetyEvent int getType()">
    <annotation name="androidx.annotation.IntDef">
      <val name="value" val="{android.safetycenter.SafetyEvent.SAFETY_EVENT_TYPE_SOURCE_STATE_CHANGED, android.safetycenter.SafetyEvent.SAFETY_EVENT_TYPE_REFRESH_REQUESTED, android.safetycenter.SafetyEvent.SAFETY_EVENT_TYPE_RESOLVING_ACTION_SUCCEEDED, android.safetycenter.SafetyEvent.SAFETY_EVENT_TYPE_RESOLVING_ACTION_FAILED, android.safetycenter.SafetyEvent.SAFETY_EVENT_TYPE_DEVICE_LOCALE_CHANGED, android.safetycenter.SafetyEvent.SAFETY_EVENT_TYPE_DEVICE_REBOOTED}" />
    </annotation>
  </item>
  <item name="android.safetycenter.SafetyEvent.Builder Builder(int) 0">
    <annotation name="androidx.annotation.IntDef">
      <val name="value" val="{android.safetycenter.SafetyEvent.SAFETY_EVENT_TYPE_SOURCE_STATE_CHANGED, android.safetycenter.SafetyEvent.SAFETY_EVENT_TYPE_REFRESH_REQUESTED, android.safetycenter.SafetyEvent.SAFETY_EVENT_TYPE_RESOLVING_ACTION_SUCCEEDED, android.safetycenter.SafetyEvent.SAFETY_EVENT_TYPE_RESOLVING_ACTION_FAILED, android.safetycenter.SafetyEvent.SAFETY_EVENT_TYPE_DEVICE_LOCALE_CHANGED, android.safetycenter.SafetyEvent.SAFETY_EVENT_TYPE_DEVICE_REBOOTED}" />
    </annotation>
  </item>
  <item name="android.safetycenter.SafetySourceIssue int getIssueCategory()">
    <annotation name="androidx.annotation.IntDef">
      <val name="value" val="{android.safetycenter.SafetySourceIssue.ISSUE_CATEGORY_DEVICE, android.safetycenter.SafetySourceIssue.ISSUE_CATEGORY_ACCOUNT, android.safetycenter.SafetySourceIssue.ISSUE_CATEGORY_GENERAL}" />
    </annotation>
  </item>
  <item name="android.safetycenter.SafetySourceIssue int getSeverityLevel()">
    <annotation name="androidx.annotation.IntDef">
      <val name="value" val="{android.safetycenter.SafetySourceData.SEVERITY_LEVEL_UNSPECIFIED, android.safetycenter.SafetySourceData.SEVERITY_LEVEL_INFORMATION, android.safetycenter.SafetySourceData.SEVERITY_LEVEL_RECOMMENDATION, android.safetycenter.SafetySourceData.SEVERITY_LEVEL_CRITICAL_WARNING}" />
    </annotation>
  </item>
  <item name="android.safetycenter.SafetySourceIssue.Builder Builder(java.lang.String, java.lang.CharSequence, java.lang.CharSequence, int, java.lang.String) 3">
    <annotation name="androidx.annotation.IntDef">
      <val name="value" val="{android.safetycenter.SafetySourceData.SEVERITY_LEVEL_UNSPECIFIED, android.safetycenter.SafetySourceData.SEVERITY_LEVEL_INFORMATION, android.safetycenter.SafetySourceData.SEVERITY_LEVEL_RECOMMENDATION, android.safetycenter.SafetySourceData.SEVERITY_LEVEL_CRITICAL_WARNING}" />
    </annotation>
  </item>
  <item name="android.safetycenter.SafetySourceIssue.Builder android.safetycenter.SafetySourceIssue.Builder setIssueCategory(int) 0">
    <annotation name="androidx.annotation.IntDef">
      <val name="value" val="{android.safetycenter.SafetySourceIssue.ISSUE_CATEGORY_DEVICE, android.safetycenter.SafetySourceIssue.ISSUE_CATEGORY_ACCOUNT, android.safetycenter.SafetySourceIssue.ISSUE_CATEGORY_GENERAL}" />
    </annotation>
  </item>
  <item name="android.safetycenter.SafetySourceStatus int getSeverityLevel()">
    <annotation name="androidx.annotation.IntDef">
      <val name="value" val="{android.safetycenter.SafetySourceData.SEVERITY_LEVEL_UNSPECIFIED, android.safetycenter.SafetySourceData.SEVERITY_LEVEL_INFORMATION, android.safetycenter.SafetySourceData.SEVERITY_LEVEL_RECOMMENDATION, android.safetycenter.SafetySourceData.SEVERITY_LEVEL_CRITICAL_WARNING}" />
    </annotation>
  </item>
  <item name="android.safetycenter.SafetySourceStatus.Builder Builder(java.lang.CharSequence, java.lang.CharSequence, int) 2">
    <annotation name="androidx.annotation.IntDef">
      <val name="value" val="{android.safetycenter.SafetySourceData.SEVERITY_LEVEL_UNSPECIFIED, android.safetycenter.SafetySourceData.SEVERITY_LEVEL_INFORMATION, android.safetycenter.SafetySourceData.SEVERITY_LEVEL_RECOMMENDATION, android.safetycenter.SafetySourceData.SEVERITY_LEVEL_CRITICAL_WARNING}" />
    </annotation>
  </item>
  <item name="android.safetycenter.SafetySourceStatus.IconAction IconAction(int, android.app.PendingIntent) 0">
    <annotation name="androidx.annotation.IntDef">
      <val name="value" val="{android.safetycenter.SafetySourceStatus.IconAction.ICON_TYPE_GEAR, android.safetycenter.SafetySourceStatus.IconAction.ICON_TYPE_INFO}" />
    </annotation>
  </item>
  <item name="android.safetycenter.SafetySourceStatus.IconAction int getIconType()">
    <annotation name="androidx.annotation.IntDef">
      <val name="value" val="{android.safetycenter.SafetySourceStatus.IconAction.ICON_TYPE_GEAR, android.safetycenter.SafetySourceStatus.IconAction.ICON_TYPE_INFO}" />
    </annotation>
  </item>
</root>

